{
  "warm_start": {
    "acc": 0.8921863260706235,
    "f1": 0.894884629471371,
    "auc": 0.9576870342031688,
    "ap": 0.952831862519825
  },
  "cold_start": {
    "acc": 0.9311866510377164,
    "f1": 0.9315312843029637,
    "auc": 0.9805851733460009,
    "ap": 0.9780522063262826
  },
  "imbalanced": {
    "acc": 0.8659303483323648,
    "f1": 0.16830455547391623,
    "auc": 0.9579426447443895,
    "ap": 0.3915079889131103
  },
  "bootstrap_auc_warm_ci95": [
    0.9538780440049367,
    0.9576726477951836,
    0.9618850731110702
  ],
  "bootstrap_auc_cold_ci95": [
    0.9787356494032338,
    0.9806455275231375,
    0.9824159894527966
  ]
}